rn,Order_Date,profit
1,2014-01-03,5.5512
2,2014-01-04,4.2717
3,2014-01-05,4.884
4,2014-01-06,1358.0524
5,2014-01-09,10.918
6,2014-01-10,22.6537
7,2014-01-11,3.0814
8,2014-01-13,676.1597999999999
9,2014-01-15,65.978
10,2014-01-16,38.7477
11,2014-01-18,6.4864
12,2014-01-19,56.3154
13,2014-01-20,635.8848999999999
14,2014-01-21,4.1028
15,2014-01-23,19.2384
16,2014-01-26,150.327
17,2014-01-27,26.3327
18,2014-01-28,1.3257
19,2014-01-30,11.6502
20,2014-01-31,3.4196
21,2014-02-01,206.316
22,2014-02-02,19.3765
23,2014-02-03,31.5614
24,2014-02-04,51.1432
25,2014-02-06,91.254100000000008
26,2014-02-07,59.3488
27,2014-02-08,5.5328
28,2014-02-11,293.5285
29,2014-02-14,120.1764
30,2014-02-15,7.209
31,2014-02-17,8.8088
32,2014-02-20,35.5612
33,2014-02-22,9.3312
34,2014-02-23,2.3409
35,2014-02-24,18.789299999999997
36,2014-02-27,3.4048
37,2014-03-01,67.3431
38,2014-03-02,56.0112
39,2014-03-03,62.9647
40,2014-03-04,20.0778
41,2014-03-05,261.1901
42,2014-03-07,134.15390000000002
43,2014-03-10,20.0988
44,2014-03-11,279.061
45,2014-03-14,528.5024
46,2014-03-15,70.803
47,2014-03-16,29.495
48,2014-03-17,292.1667
49,2014-03-18,872.79549999999983
50,2014-03-19,94.37230000000001
51,2014-03-21,1070.1569000000002
52,2014-03-22,29.747
53,2014-03-23,126.9224
54,2014-03-24,26.2758
55,2014-03-25,96.668399999999991
56,2014-03-26,30.7658
57,2014-03-28,132.1794
58,2014-03-30,253.94389999999999
59,2014-03-31,380.95820000000003
60,2014-04-01,26.0896
61,2014-04-02,407.39619999999996
62,2014-04-03,85.6044
63,2014-04-04,105.45209999999999
64,2014-04-05,253.90439999999998
65,2014-04-06,373.74439999999993
66,2014-04-07,305.05600000000004
67,2014-04-08,466.3342
68,2014-04-11,523.27289999999994
69,2014-04-12,170.8051
70,2014-04-13,23.1818
71,2014-04-15,108.0
72,2014-04-16,9.768
73,2014-04-18,188.055
74,2014-04-19,87.5664
75,2014-04-20,33.1682
76,2014-04-21,5.5755
77,2014-04-22,124.78689999999999
78,2014-04-23,30.8053
79,2014-04-25,332.86710000000005
80,2014-04-26,40.745
81,2014-04-28,329.9004
82,2014-04-29,102.93039999999999
83,2014-04-30,276.4956
84,2014-05-02,91.9572
85,2014-05-03,28.8624
86,2014-05-04,58.562400000000004
87,2014-05-05,43.6466
88,2014-05-06,85.7158
89,2014-05-07,254.66379999999998
90,2014-05-08,239.996
91,2014-05-09,95.173600000000008
92,2014-05-10,274.8043
93,2014-05-11,36.553
94,2014-05-12,10.7849
95,2014-05-13,89.6763
96,2014-05-14,23.316
97,2014-05-16,20.85
98,2014-05-17,45.84
99,2014-05-18,10.9518
100,2014-05-19,35.6472
101,2014-05-20,85.0282
102,2014-05-21,1779.7691000000002
103,2014-05-22,46.580999999999996
104,2014-05-23,70.7936
105,2014-05-24,56.9772
106,2014-05-25,6.7252
107,2014-05-26,135.6482
108,2014-05-27,170.4518
109,2014-05-28,59.3088
110,2014-05-30,406.87239999999997
111,2014-05-31,230.9727
112,2014-06-01,1576.7509
113,2014-06-02,218.3608
114,2014-06-03,136.1122
115,2014-06-04,37.702799999999996
116,2014-06-06,120.9021
117,2014-06-08,193.365
118,2014-06-09,629.0289
119,2014-06-10,240.8595
120,2014-06-13,4.7916
121,2014-06-14,57.4938
122,2014-06-15,11.8768
123,2014-06-16,76.6876
124,2014-06-17,1126.6297000000002
125,2014-06-18,12.2325
126,2014-06-20,187.09500000000003
127,2014-06-21,1054.0266
128,2014-06-22,66.2826
129,2014-06-23,3.1803
130,2014-06-24,0.9612
131,2014-06-25,49.7172
132,2014-06-27,76.1052
133,2014-06-28,134.9872
134,2014-06-29,8.557500000000001
135,2014-06-30,249.55719999999997
136,2014-07-01,78.961999999999989
137,2014-07-02,22.1508
138,2014-07-04,83.9448
139,2014-07-05,268.99379999999996
140,2014-07-06,222.84550000000002
141,2014-07-07,12.0764
142,2014-07-08,79.493400000000008
143,2014-07-09,57.2078
144,2014-07-11,537.7298
145,2014-07-12,120.552
146,2014-07-13,4.3902
147,2014-07-14,31.535199999999996
148,2014-07-15,3.9882
149,2014-07-18,4.5188
150,2014-07-19,107.2382
151,2014-07-20,343.6979
152,2014-07-21,142.9222
153,2014-07-22,229.83479999999997
154,2014-07-23,303.1364
155,2014-07-25,384.50840000000005
156,2014-07-26,359.1182
157,2014-07-27,70.31219999999999
158,2014-07-28,34.6984
159,2014-07-30,259.8896
160,2014-08-01,66.475
161,2014-08-02,248.0276
162,2014-08-03,85.160100000000014
163,2014-08-04,833.4829
164,2014-08-05,504.10589999999996
165,2014-08-06,106.6392
166,2014-08-08,1150.7386999999999
167,2014-08-09,752.2175
168,2014-08-11,45.644400000000005
169,2014-08-12,358.634
170,2014-08-15,183.0106
171,2014-08-17,193.18359999999998
172,2014-08-19,234.3235
173,2014-08-20,575.91009999999994
174,2014-08-22,6.6913
175,2014-08-23,160.40160000000003
176,2014-08-24,20.1332
177,2014-08-25,202.00469999999999
178,2014-08-26,92.0889
179,2014-08-27,513.7323
180,2014-08-29,71.079
181,2014-08-30,21.485
182,2014-08-31,18.504
183,2014-09-01,91.959399999999988
184,2014-09-02,1037.5217
185,2014-09-03,7.056
186,2014-09-05,21.823
187,2014-09-06,39.6308
188,2014-09-07,663.6102
189,2014-09-08,537.7912
190,2014-09-09,624.83039999999994
191,2014-09-10,259.62080000000003
192,2014-09-11,21.7515
193,2014-09-12,655.7902
194,2014-09-13,267.9749
195,2014-09-14,1791.9817
196,2014-09-15,30.1722
197,2014-09-16,12.582
198,2014-09-17,259.59810000000004
199,2014-09-19,213.67060000000004
200,2014-09-20,1158.2930000000003
201,2014-09-21,889.95869999999991
202,2014-09-22,170.3597
203,2014-09-23,4808.5974999999989
204,2014-09-24,8.4784
205,2014-09-25,14.030199999999999
206,2014-09-26,236.70520000000005
207,2014-09-27,123.10640000000001
208,2014-09-28,64.3686
209,2014-09-29,1330.0941
210,2014-09-30,119.4905
211,2014-10-02,137.11669999999998
212,2014-10-03,34.1118
213,2014-10-04,51.6199
214,2014-10-05,46.483000000000004
215,2014-10-06,63.676500000000004
216,2014-10-07,31.855999999999998
217,2014-10-08,60.7518
218,2014-10-09,73.0028
219,2014-10-10,275.48149999999993
220,2014-10-11,175.64900000000003
221,2014-10-12,12.877099999999999
222,2014-10-13,454.10329999999993
223,2014-10-14,1072.7521
224,2014-10-15,6.9266999999999994
225,2014-10-16,91.4088
226,2014-10-18,641.1562
227,2014-10-19,124.54769999999999
228,2014-10-20,121.2291
229,2014-10-21,148.9393
230,2014-10-22,23.303199999999997
231,2014-10-24,18.5592
232,2014-10-25,19.037699999999997
233,2014-10-26,41.592
234,2014-10-27,7.6626
235,2014-10-28,129.7222
236,2014-10-29,378.5486
237,2014-10-31,756.17370000000017
238,2014-11-01,778.2494999999999
239,2014-11-02,418.08400000000006
240,2014-11-03,318.87290000000007
241,2014-11-04,2507.9364000000005
242,2014-11-05,82.3338
243,2014-11-06,20.9664
244,2014-11-07,201.9785
245,2014-11-08,25.0182
246,2014-11-09,222.68859999999998
247,2014-11-10,436.6330999999999
248,2014-11-11,1347.9769999999999
249,2014-11-12,102.66590000000001
250,2014-11-14,308.90680000000003
251,2014-11-15,400.07809999999995
252,2014-11-16,156.61659999999998
253,2014-11-17,2098.2226000000005
254,2014-11-18,237.654
255,2014-11-19,1980.3856
256,2014-11-20,251.172
257,2014-11-21,378.1699
258,2014-11-22,489.4439
259,2014-11-23,87.9122
260,2014-11-24,428.7281
261,2014-11-25,312.4065
262,2014-11-26,207.251
263,2014-11-27,41.296
264,2014-11-28,217.0824
265,2014-11-29,104.67719999999998
266,2014-11-30,32.871
267,2014-12-01,946.38760000000013
268,2014-12-02,276.988
269,2014-12-03,146.8304
270,2014-12-04,62.3904
271,2014-12-05,533.3911
272,2014-12-06,346.338
273,2014-12-07,201.7832
274,2014-12-08,151.23499999999999
275,2014-12-09,180.0189
276,2014-12-10,101.14259999999999
277,2014-12-12,264.52639999999997
278,2014-12-13,55.395199999999996
279,2014-12-14,2297.6193000000003
280,2014-12-15,1.9712
281,2014-12-16,494.038
282,2014-12-17,11.214
283,2014-12-19,386.97169999999994
284,2014-12-20,1678.6238
285,2014-12-21,192.8568
286,2014-12-22,214.4531
287,2014-12-23,98.5844
288,2014-12-24,264.308
289,2014-12-26,149.7876
290,2014-12-27,429.55670000000003
291,2014-12-28,706.8574
292,2014-12-29,629.17739999999992
293,2014-12-30,120.3389
294,2014-12-31,1444.5130999999997
295,2015-01-02,47.8704
296,2015-01-03,89.0826
297,2015-01-04,104.67240000000001
298,2015-01-05,69.436799999999991
299,2015-01-06,9.25
300,2015-01-09,131.0797
301,2015-01-12,127.3462
302,2015-01-13,160.3086
303,2015-01-17,12.011999999999999
304,2015-01-23,20.8106
305,2015-01-24,2.132
306,2015-01-26,84.0512
307,2015-01-30,302.8533
308,2015-01-31,38.9066
309,2015-02-03,157.41180000000003
310,2015-02-06,372.871
311,2015-02-07,152.5909
312,2015-02-08,7.8221
313,2015-02-09,132.9644
314,2015-02-10,7.724
315,2015-02-14,199.17239999999998
316,2015-02-15,477.3456
317,2015-02-16,74.6845
318,2015-02-18,32.5228
319,2015-02-20,77.564399999999992
320,2015-02-21,1294.0764
321,2015-02-22,20.6336
322,2015-02-23,10.5336
323,2015-02-25,11.736
324,2015-02-27,84.1022
325,2015-02-28,43.8408
326,2015-03-01,69.6204
327,2015-03-02,218.9629
328,2015-03-05,180.2184
329,2015-03-06,473.7518
330,2015-03-07,271.4153
331,2015-03-08,606.9461
332,2015-03-09,53.9619
333,2015-03-10,25.1496
334,2015-03-12,9.998
335,2015-03-13,234.4744
336,2015-03-14,332.7422
337,2015-03-15,1.6776
338,2015-03-16,3508.0308999999997
339,2015-03-17,11.834999999999999
340,2015-03-19,2049.8562
341,2015-03-20,490.1114
342,2015-03-21,252.3612
343,2015-03-22,351.7215
344,2015-03-23,210.33520000000001
345,2015-03-24,13.6564
346,2015-03-26,937.25799999999992
347,2015-03-27,3.348
348,2015-03-28,59.342400000000005
349,2015-03-29,296.8998
350,2015-03-30,22.098
351,2015-03-31,63.6473
352,2015-04-02,59.015999999999991
353,2015-04-04,384.4765
354,2015-04-05,171.7302
355,2015-04-06,28.788600000000002
356,2015-04-07,67.3333
357,2015-04-09,147.4044
358,2015-04-10,48.696299999999994
359,2015-04-11,423.987
360,2015-04-12,0.4074
361,2015-04-13,232.6852
362,2015-04-14,2.6406
363,2015-04-16,896.89650000000017
364,2015-04-17,686.5089
365,2015-04-18,244.28229999999996
366,2015-04-20,507.14070000000004
367,2015-04-21,228.89280000000002
368,2015-04-22,24.444300000000002
369,2015-04-24,7.5371
370,2015-04-25,197.61940000000004
371,2015-04-26,80.1284
372,2015-04-27,978.3105
373,2015-04-28,1950.6621
374,2015-04-29,2.8884
375,2015-04-30,100.6339
376,2015-05-01,66.2234
377,2015-05-02,16.8468
378,2015-05-03,301.5791
379,2015-05-04,166.41740000000001
380,2015-05-07,26.391199999999998
381,2015-05-08,1241.9831000000001
382,2015-05-09,23.9169
383,2015-05-10,3.6784
384,2015-05-11,16.7972
385,2015-05-12,163.53070000000002
386,2015-05-13,22.278799999999997
387,2015-05-14,344.0482
388,2015-05-15,8.7906
389,2015-05-16,31.996
390,2015-05-17,36.1748
391,2015-05-18,5.3214
392,2015-05-20,20.392
393,2015-05-21,8.7672
394,2015-05-22,425.8189
395,2015-05-23,380.6232
396,2015-05-25,265.8343
397,2015-05-26,122.45120000000001
398,2015-05-28,244.0794
399,2015-05-29,256.3305
400,2015-05-30,87.6252
401,2015-05-31,1297.015
402,2015-06-01,309.64340000000004
403,2015-06-04,464.8084
404,2015-06-05,173.934
405,2015-06-07,12.706
406,2015-06-08,117.10820000000002
407,2015-06-09,163.9379
408,2015-06-11,188.0566
409,2015-06-12,27.745800000000003
410,2015-06-13,395.69410000000005
411,2015-06-14,5.1072
412,2015-06-15,36.618
413,2015-06-16,1198.769
414,2015-06-18,358.0638
415,2015-06-19,111.17399999999999
416,2015-06-20,255.459
417,2015-06-21,37.7916
418,2015-06-22,458.91920000000005
419,2015-06-23,154.5192
420,2015-06-25,128.20049999999998
421,2015-06-26,308.00270000000006
422,2015-06-28,151.29039999999998
423,2015-06-29,87.1955
424,2015-07-02,135.3617
425,2015-07-03,208.49790000000002
426,2015-07-04,297.9044
427,2015-07-05,16.8551
428,2015-07-06,292.79820000000007
429,2015-07-08,6.6
430,2015-07-09,538.3936
431,2015-07-10,12.974
432,2015-07-11,385.6717
433,2015-07-12,151.304
434,2015-07-13,349.46399999999994
435,2015-07-14,56.4208
436,2015-07-16,422.6999
437,2015-07-17,11.2614
438,2015-07-18,218.4631
439,2015-07-20,292.9898
440,2015-07-23,74.601
441,2015-07-24,174.0094
442,2015-07-25,218.8335
443,2015-07-26,133.1055
444,2015-07-27,0.2997
445,2015-07-30,143.9366
446,2015-07-31,892.76069999999993
447,2015-08-01,3.36
448,2015-08-02,151.5395
449,2015-08-06,42.3234
450,2015-08-07,245.83330000000004
451,2015-08-08,300.04440000000005
452,2015-08-09,1214.7029000000002
453,2015-08-10,116.69409999999999
454,2015-08-11,49.7245
455,2015-08-13,55.838499999999996
456,2015-08-15,108.5013
457,2015-08-16,329.35470000000004
458,2015-08-17,37.346399999999996
459,2015-08-21,157.89200000000002
460,2015-08-22,23.8856
461,2015-08-23,373.0321
462,2015-08-24,1803.2155
463,2015-08-25,34.257
464,2015-08-27,156.9759
465,2015-08-28,1436.4105
466,2015-08-29,47.0866
467,2015-08-31,420.4669
468,2015-09-01,751.9428
469,2015-09-03,353.0086
470,2015-09-04,264.99719999999996
471,2015-09-05,42.208200000000005
472,2015-09-06,303.8682
473,2015-09-07,240.34730000000002
474,2015-09-08,20.834400000000002
475,2015-09-10,286.22880000000004
476,2015-09-11,467.9591
477,2015-09-12,119.36759999999998
478,2015-09-13,730.18729999999982
479,2015-09-14,728.9803
480,2015-09-15,574.1874
481,2015-09-16,14.6264
482,2015-09-17,632.4832
483,2015-09-18,778.9322
484,2015-09-19,194.7992
485,2015-09-20,71.2006
486,2015-09-21,1298.6606000000002
487,2015-09-22,107.14399999999999
488,2015-09-24,1180.9230000000002
489,2015-09-25,881.00410000000011
490,2015-09-26,981.5973
491,2015-09-27,758.23219999999992
492,2015-09-28,296.3406
493,2015-10-01,174.1882
494,2015-10-02,300.8206
495,2015-10-03,20.555399999999995
496,2015-10-04,63.985
497,2015-10-05,101.7672
498,2015-10-08,63.296
499,2015-10-09,571.5019
500,2015-10-10,37.6788
501,2015-10-11,4.7529
502,2015-10-12,326.5208
503,2015-10-13,101.18539999999999
504,2015-10-15,120.58730000000001
505,2015-10-16,214.4922
506,2015-10-17,3.894
507,2015-10-18,31.0868
508,2015-10-19,636.4098
509,2015-10-20,155.3014
510,2015-10-22,0.9952
511,2015-10-23,375.76680000000005
512,2015-10-24,9.072
513,2015-10-25,157.15290000000002
514,2015-10-26,127.7182
515,2015-10-28,36.869200000000006
516,2015-10-29,119.3436
517,2015-10-30,596.7883
518,2015-10-31,630.58690000000013
519,2015-11-01,925.8633
520,2015-11-02,836.52250000000015
521,2015-11-03,371.9472
522,2015-11-05,118.77680000000001
523,2015-11-06,2.478
524,2015-11-07,268.3371
525,2015-11-08,4053.1666999999989
526,2015-11-09,1442.5109
527,2015-11-10,929.965
528,2015-11-11,163.9204
529,2015-11-12,117.8233
530,2015-11-13,430.5269
531,2015-11-14,574.48870000000011
532,2015-11-15,98.1087
533,2015-11-16,899.7114
534,2015-11-17,617.7707
535,2015-11-19,283.2596
536,2015-11-20,261.84829999999994
537,2015-11-21,470.58620000000008
538,2015-11-22,106.31620000000001
539,2015-11-23,1001.4464
540,2015-11-24,388.79600000000005
541,2015-11-25,1.476
542,2015-11-26,492.19149999999996
543,2015-11-27,383.0139999999999
544,2015-11-28,329.09979999999996
545,2015-11-29,592.7139
546,2015-11-30,207.4909
547,2015-12-01,957.1218
548,2015-12-03,334.9042
549,2015-12-04,888.74400000000014
550,2015-12-05,237.519
551,2015-12-06,1118.3508
552,2015-12-07,382.4588
553,2015-12-08,342.7745
554,2015-12-09,16.6698
555,2015-12-10,870.77320000000032
556,2015-12-11,344.9142
557,2015-12-12,390.11449999999996
558,2015-12-13,175.9253
559,2015-12-14,132.4591
560,2015-12-15,1132.4947
561,2015-12-16,2.3406
562,2015-12-17,363.0475
563,2015-12-18,61.217600000000004
564,2015-12-19,1306.8813999999998
565,2015-12-20,140.4984
566,2015-12-21,713.39619999999991
567,2015-12-22,6.6432
568,2015-12-23,56.3528
569,2015-12-24,2598.8332
570,2015-12-25,974.55189999999982
571,2015-12-26,110.3748
572,2015-12-27,625.4132
573,2015-12-28,2.9105999999999996
574,2015-12-29,0.0636
575,2015-12-30,490.60380000000004
576,2015-12-31,483.822
577,2016-01-02,105.541
578,2016-01-03,397.96000000000004
579,2016-01-04,120.58
580,2016-01-05,46.4568
581,2016-01-07,19.1002
582,2016-01-08,473.8027
583,2016-01-09,264.498
584,2016-01-10,55.3653
585,2016-01-11,34.955799999999996
586,2016-01-14,64.046
587,2016-01-15,211.70499999999998
588,2016-01-16,15.996500000000001
589,2016-01-17,176.2682
590,2016-01-21,76.0116
591,2016-01-22,111.4369
592,2016-01-23,474.0368
593,2016-01-24,15.68
594,2016-01-25,33.4911
595,2016-01-28,10.3168
596,2016-01-30,316.7354
597,2016-01-31,747.5398
598,2016-02-01,63.2162
599,2016-02-02,2831.1841999999997
600,2016-02-03,225.264
601,2016-02-04,31.1968
602,2016-02-05,753.2702
603,2016-02-07,74.2225
604,2016-02-08,126.8973
605,2016-02-09,50.737799999999993
606,2016-02-11,0.6993
607,2016-02-12,182.99800000000002
608,2016-02-13,73.41
609,2016-02-14,77.5545
610,2016-02-15,128.0602
611,2016-02-16,157.2282
612,2016-02-19,68.4625
613,2016-02-20,5.5674
614,2016-02-21,237.14930000000004
615,2016-02-22,213.2609
616,2016-02-23,21.591
617,2016-02-25,17.52
618,2016-02-27,77.9652
619,2016-02-28,18.24
620,2016-02-29,8.3328
621,2016-03-01,2532.3459
622,2016-03-03,586.1933
623,2016-03-04,130.24790000000002
624,2016-03-05,50.4063
625,2016-03-07,1.5804
626,2016-03-08,268.3435
627,2016-03-09,212.0786
628,2016-03-10,767.9303000000001
629,2016-03-11,194.13799999999998
630,2016-03-12,167.7573
631,2016-03-13,448.50790000000006
632,2016-03-14,43.0384
633,2016-03-15,254.2516
634,2016-03-17,728.84030000000007
635,2016-03-18,87.18
636,2016-03-19,13.7996
637,2016-03-20,196.22740000000002
638,2016-03-21,2.0106
639,2016-03-22,34.0216
640,2016-03-24,37.1712
641,2016-03-25,262.4715
642,2016-03-26,38.4981
643,2016-03-27,35.8254
644,2016-03-28,11.6594
645,2016-03-29,232.1239
646,2016-03-30,5.5566
647,2016-03-31,55.865399999999994
648,2016-04-01,485.77099999999996
649,2016-04-02,378.274
650,2016-04-03,150.038
651,2016-04-04,256.3547
652,2016-04-05,13.8572
653,2016-04-06,336.635
654,2016-04-07,546.76349999999991
655,2016-04-08,279.83910000000003
656,2016-04-09,156.4469
657,2016-04-10,164.6978
658,2016-04-12,155.65730000000002
659,2016-04-13,2.8764
660,2016-04-14,171.6586
661,2016-04-15,209.1329
662,2016-04-16,2434.1032
663,2016-04-17,57.5114
664,2016-04-18,147.92189999999997
665,2016-04-19,252.90859999999998
666,2016-04-21,32.1804
667,2016-04-22,43.5706
668,2016-04-23,244.18
669,2016-04-24,220.65959999999998
670,2016-04-26,62.7822
671,2016-04-28,59.8177
672,2016-04-30,25.1732
673,2016-05-01,68.839199999999991
674,2016-05-02,175.08580000000003
675,2016-05-03,50.018499999999996
676,2016-05-05,451.0884
677,2016-05-06,58.2285
678,2016-05-07,1322.131
679,2016-05-08,154.6985
680,2016-05-09,189.4526
681,2016-05-10,8.2472
682,2016-05-11,2.691
683,2016-05-12,386.7507
684,2016-05-14,102.4365
685,2016-05-15,278.48079999999993
686,2016-05-16,41.601
687,2016-05-17,55.1022
688,2016-05-18,34.8606
689,2016-05-19,325.799
690,2016-05-20,363.0523
691,2016-05-21,292.753
692,2016-05-22,406.1931
693,2016-05-23,1290.8623999999998
694,2016-05-24,115.4542
695,2016-05-25,167.6508
696,2016-05-26,251.43689999999998
697,2016-05-27,1024.5990000000002
698,2016-05-28,329.9378
699,2016-05-29,300.64160000000004
700,2016-05-30,1809.5639000000003
701,2016-05-31,100.711
702,2016-06-02,36.536399999999993
703,2016-06-04,454.84929999999991
704,2016-06-05,144.6952
705,2016-06-06,1049.4814999999999
706,2016-06-07,22.921899999999997
707,2016-06-09,206.9661
708,2016-06-10,33.4584
709,2016-06-11,262.8487
710,2016-06-12,569.89969999999994
711,2016-06-13,114.93530000000001
712,2016-06-14,471.26300000000003
713,2016-06-15,54.215
714,2016-06-16,26.320500000000003
715,2016-06-17,504.1977
716,2016-06-18,119.7624
717,2016-06-19,8.0464
718,2016-06-20,183.75430000000003
719,2016-06-21,73.2928
720,2016-06-23,345.1115
721,2016-06-24,749.8548
722,2016-06-25,17.0268
723,2016-06-26,428.856
724,2016-06-27,24.7748
725,2016-06-28,226.2909
726,2016-06-29,19.188
727,2016-06-30,301.0897
728,2016-07-01,545.6346
729,2016-07-02,37.1906
730,2016-07-03,242.9458
731,2016-07-04,293.19010000000003
732,2016-07-07,1078.798
733,2016-07-08,264.2921
734,2016-07-09,87.409600000000012
735,2016-07-10,18.819200000000002
736,2016-07-12,7.182
737,2016-07-14,350.7695
738,2016-07-15,69.753999999999991
739,2016-07-16,82.425599999999989
740,2016-07-17,630.35809999999992
741,2016-07-18,134.77020000000002
742,2016-07-19,500.51
743,2016-07-20,43.176
744,2016-07-21,215.1732
745,2016-07-22,276.64969999999994
746,2016-07-23,39.213
747,2016-07-24,52.2436
748,2016-07-25,1109.2371000000003
749,2016-07-28,72.463799999999992
750,2016-07-29,26.4285
751,2016-07-30,233.86239999999998
752,2016-07-31,301.0482
753,2016-08-01,114.5336
754,2016-08-02,53.4138
755,2016-08-03,61.742999999999995
756,2016-08-04,104.63239999999999
757,2016-08-05,59.115
758,2016-08-06,67.5102
759,2016-08-07,86.3856
760,2016-08-08,180.9266
761,2016-08-09,78.18119999999999
762,2016-08-11,70.485199999999992
763,2016-08-12,344.79030000000006
764,2016-08-13,113.892
765,2016-08-14,97.6746
766,2016-08-15,189.11999999999998
767,2016-08-16,32.7522
768,2016-08-17,5.6956
769,2016-08-18,141.4787
770,2016-08-19,154.1413
771,2016-08-20,3.9906
772,2016-08-21,386.82379999999995
773,2016-08-22,74.673
774,2016-08-23,487.06370000000004
775,2016-08-26,777.95280000000025
776,2016-08-27,207.2809
777,2016-08-28,13.7547
778,2016-08-29,36.2181
779,2016-08-30,95.7086
780,2016-08-31,2.3968
781,2016-09-01,1901.5378000000003
782,2016-09-02,1049.6498
783,2016-09-03,157.2484
784,2016-09-04,1464.5008
785,2016-09-05,814.25870000000009
786,2016-09-06,207.09820000000002
787,2016-09-08,295.5951
788,2016-09-09,24.168
789,2016-09-10,284.82240000000007
790,2016-09-11,1532.7745
791,2016-09-12,452.80740000000009
792,2016-09-13,696.29470000000026
793,2016-09-14,396.3846
794,2016-09-15,601.90990000000011
795,2016-09-16,41.340199999999996
796,2016-09-17,555.5928
797,2016-09-18,633.38429999999994
798,2016-09-19,989.96
799,2016-09-20,388.4497
800,2016-09-22,162.24690000000004
801,2016-09-23,149.95709999999997
802,2016-09-24,282.0989
803,2016-09-25,631.24520000000007
804,2016-09-26,180.44
805,2016-09-27,138.57229999999998
806,2016-09-28,30.98
807,2016-09-29,235.4062
808,2016-10-01,77.406299999999987
809,2016-10-02,8778.9779
810,2016-10-03,254.04579999999999
811,2016-10-04,2682.2570000000005
812,2016-10-06,15.274500000000002
813,2016-10-07,79.408
814,2016-10-08,48.1806
815,2016-10-09,6.1384000000000007
816,2016-10-10,13.5882
817,2016-10-11,4.133
818,2016-10-13,229.91980000000004
819,2016-10-14,981.537
820,2016-10-15,598.94100000000014
821,2016-10-17,1160.731
822,2016-10-20,142.2377
823,2016-10-21,2072.2794
824,2016-10-22,57.265800000000006
825,2016-10-23,204.3172
826,2016-10-24,314.03589999999997
827,2016-10-25,78.396
828,2016-10-27,237.81499999999994
829,2016-10-28,325.78360000000004
830,2016-10-29,39.4184
831,2016-10-30,46.9478
832,2016-10-31,464.4072
833,2016-11-01,149.3042
834,2016-11-03,995.16340000000014
835,2016-11-04,475.6407
836,2016-11-05,489.81770000000006
837,2016-11-06,98.636199999999988
838,2016-11-07,652.90920000000017
839,2016-11-08,261.49559999999997
840,2016-11-09,177.5889
841,2016-11-10,1172.7331
842,2016-11-11,504.99629999999996
843,2016-11-12,229.14119999999994
844,2016-11-13,793.8742
845,2016-11-14,449.73180000000008
846,2016-11-15,462.4977
847,2016-11-16,16.156
848,2016-11-17,28.9717
849,2016-11-18,799.32400000000007
850,2016-11-19,148.1459
851,2016-11-20,650.163
852,2016-11-21,196.5366
853,2016-11-22,97.3326
854,2016-11-23,18.6496
855,2016-11-24,1278.6637999999998
856,2016-11-25,656.9731
857,2016-11-26,2072.7997000000005
858,2016-11-27,348.2738
859,2016-11-28,437.33189999999996
860,2016-11-29,16.7946
861,2016-11-30,85.6643
862,2016-12-01,1749.7531
863,2016-12-02,1136.6291999999999
864,2016-12-03,1245.8534
865,2016-12-04,146.7888
866,2016-12-05,1468.7369
867,2016-12-06,1017.2350999999998
868,2016-12-08,502.3979
869,2016-12-09,393.7675
870,2016-12-10,1020.2983000000002
871,2016-12-11,798.98880000000008
872,2016-12-12,496.39449999999994
873,2016-12-13,72.1554
874,2016-12-14,324.7015
875,2016-12-15,333.7599
876,2016-12-16,16.3639
877,2016-12-17,4985.7789
878,2016-12-18,1411.1840999999997
879,2016-12-19,12.5795
880,2016-12-20,38.5308
881,2016-12-22,253.1994
882,2016-12-23,1402.2188999999996
883,2016-12-24,391.2239
884,2016-12-25,1932.4025
885,2016-12-26,161.4298
886,2016-12-27,28.836999999999996
887,2016-12-29,222.39229999999998
888,2016-12-30,157.24919999999997
889,2016-12-31,103.45870000000001
890,2017-01-01,211.7742
891,2017-01-02,37.6853
892,2017-01-03,704.28000000000009
893,2017-01-06,15.5204
894,2017-01-07,760.6848
895,2017-01-08,80.3682
896,2017-01-12,39.954
897,2017-01-13,206.6524
898,2017-01-14,230.01719999999997
899,2017-01-15,356.28819999999996
900,2017-01-16,2610.1906999999997
901,2017-01-19,211.86079999999998
902,2017-01-20,156.03199999999995
903,2017-01-21,647.8459
904,2017-01-22,1461.3511
905,2017-01-23,64.1712
906,2017-01-24,105.0682
907,2017-01-26,803.95549999999992
908,2017-01-27,37.616400000000006
909,2017-01-28,333.8478
910,2017-01-29,107.5207
911,2017-01-30,437.31689999999992
912,2017-02-02,182.671
913,2017-02-03,248.4262
914,2017-02-04,8.4942
915,2017-02-05,501.868
916,2017-02-06,204.31579999999997
917,2017-02-09,40.2902
918,2017-02-10,28.1274
919,2017-02-11,133.791
920,2017-02-13,424.33450000000005
921,2017-02-16,116.3909
922,2017-02-17,126.0077
923,2017-02-18,62.4082
924,2017-02-19,377.0515
925,2017-02-20,84.600699999999989
926,2017-02-23,42.37
927,2017-02-24,253.1925
928,2017-02-25,5.798
929,2017-02-26,447.35319999999996
930,2017-02-28,8.2242
931,2017-03-02,278.89840000000004
932,2017-03-03,560.2109999999999
933,2017-03-04,43.702600000000004
934,2017-03-05,480.4513
935,2017-03-06,235.12599999999998
936,2017-03-07,56.1114
937,2017-03-08,243.448
938,2017-03-09,139.62849999999997
939,2017-03-10,37.5402
940,2017-03-11,460.9984
941,2017-03-12,60.474
942,2017-03-13,1136.9535
943,2017-03-14,4.9616
944,2017-03-16,274.8245
945,2017-03-17,151.76899999999998
946,2017-03-18,118.77539999999999
947,2017-03-19,261.9101
948,2017-03-20,253.0645
949,2017-03-21,912.2596
950,2017-03-23,6850.9664
951,2017-03-24,340.2724
952,2017-03-25,730.51259999999991
953,2017-03-26,682.1829
954,2017-03-27,233.5922
955,2017-03-28,106.98360000000001
956,2017-03-29,21.164
957,2017-03-30,226.7987
958,2017-03-31,1952.1206
959,2017-04-01,567.7409
960,2017-04-02,215.8982
961,2017-04-03,9.8466
962,2017-04-04,110.1777
963,2017-04-06,49.9704
964,2017-04-07,20.3978
965,2017-04-08,2276.8183000000004
966,2017-04-09,453.69870000000003
967,2017-04-10,174.8775
968,2017-04-11,40.208999999999996
969,2017-04-12,31.347
970,2017-04-13,306.43199999999996
971,2017-04-14,65.819700000000012
972,2017-04-15,121.8321
973,2017-04-16,27.449800000000003
974,2017-04-17,91.128599999999992
975,2017-04-20,151.29989999999998
976,2017-04-21,280.4664
977,2017-04-22,93.973
978,2017-04-23,233.3676
979,2017-04-24,52.4602
980,2017-04-25,104.5849
981,2017-04-26,28.6036
982,2017-04-27,102.1302
983,2017-04-28,91.3672
984,2017-04-29,2.4059
985,2017-04-30,180.46340000000004
986,2017-05-01,20.0066
987,2017-05-02,110.39439999999999
988,2017-05-03,94.472799999999978
989,2017-05-04,303.315
990,2017-05-05,37.7454
991,2017-05-06,332.68770000000006
992,2017-05-07,649.4175
993,2017-05-08,1087.2025999999998
994,2017-05-09,273.9624
995,2017-05-11,59.4191
996,2017-05-12,116.29850000000002
997,2017-05-13,934.28419999999994
998,2017-05-14,1137.2728
999,2017-05-15,77.142699999999991
1000,2017-05-18,433.90979999999996
1001,2017-05-19,1207.1399000000001
1002,2017-05-20,370.3864
1003,2017-05-21,78.0183
1004,2017-05-22,50.2531
1005,2017-05-23,0.6156
1006,2017-05-25,241.6123
1007,2017-05-26,76.4496
1008,2017-05-27,394.50780000000003
1009,2017-05-28,269.37829999999997
1010,2017-05-29,162.76909999999998
1011,2017-05-30,84.6131
1012,2017-06-01,1409.6062
1013,2017-06-02,39.17
1014,2017-06-03,509.7821
1015,2017-06-04,93.7434
1016,2017-06-05,60.174899999999994
1017,2017-06-06,2.178
1018,2017-06-08,217.7491
1019,2017-06-09,88.5034
1020,2017-06-10,216.7373
1021,2017-06-11,327.25939999999997
1022,2017-06-12,321.77780000000007
1023,2017-06-13,56.9188
1024,2017-06-15,436.53219999999993
1025,2017-06-16,530.269
1026,2017-06-17,1749.3463
1027,2017-06-18,117.87989999999999
1028,2017-06-19,156.3367
1029,2017-06-20,263.752
1030,2017-06-21,265.3392
1031,2017-06-22,159.7503
1032,2017-06-24,291.7161
1033,2017-06-25,192.21680000000003
1034,2017-06-26,718.96699999999987
1035,2017-06-27,335.53589999999997
1036,2017-06-29,1079.7319999999997
1037,2017-06-30,620.805
1038,2017-07-01,103.9546
1039,2017-07-02,59.4355
1040,2017-07-03,1594.8333000000002
1041,2017-07-05,39.3016
1042,2017-07-06,29.7443
1043,2017-07-07,196.7501
1044,2017-07-08,817.1376
1045,2017-07-09,311.0634
1046,2017-07-10,44.925
1047,2017-07-11,336.1681
1048,2017-07-12,1.1925
1049,2017-07-13,119.27560000000001
1050,2017-07-14,331.94530000000003
1051,2017-07-15,333.98909999999995
1052,2017-07-16,16.057
1053,2017-07-17,477.31419999999997
1054,2017-07-18,86.4737
1055,2017-07-20,732.9922
1056,2017-07-21,413.61360000000008
1057,2017-07-22,14.0859
1058,2017-07-23,258.41179999999997
1059,2017-07-24,839.986
1060,2017-07-25,25.101
1061,2017-07-26,705.274
1062,2017-07-27,213.85129999999998
1063,2017-07-28,108.05359999999999
1064,2017-07-29,367.46059999999994
1065,2017-07-30,141.68
1066,2017-07-31,521.84660000000008
1067,2017-08-01,104.59049999999999
1068,2017-08-03,76.9753
1069,2017-08-04,6.0725999999999996
1070,2017-08-05,170.42340000000002
1071,2017-08-06,419.7762
1072,2017-08-07,744.4323
1073,2017-08-10,521.9644
1074,2017-08-11,258.41639999999995
1075,2017-08-12,888.68449999999984
1076,2017-08-13,166.131
1077,2017-08-14,12.3879
1078,2017-08-15,48.6224
1079,2017-08-17,1361.2947
1080,2017-08-18,2024.4811999999997
1081,2017-08-19,228.92249999999999
1082,2017-08-20,183.61780000000002
1083,2017-08-21,2245.6488000000008
1084,2017-08-22,2.6251
1085,2017-08-23,358.546
1086,2017-08-24,77.405999999999992
1087,2017-08-25,71.95559999999999
1088,2017-08-26,29.083
1089,2017-08-27,1306.5669
1090,2017-08-28,345.30090000000007
1091,2017-08-29,62.312200000000004
1092,2017-08-31,611.2385
1093,2017-09-01,340.5586
1094,2017-09-02,2765.6094
1095,2017-09-03,381.4358
1096,2017-09-04,525.3429000000001
1097,2017-09-05,13.361999999999998
1098,2017-09-07,1282.5377999999992
1099,2017-09-08,222.46599999999998
1100,2017-09-09,326.2492
1101,2017-09-10,222.8799
1102,2017-09-11,1120.9298999999996
1103,2017-09-12,219.391
1104,2017-09-13,2.786
1105,2017-09-14,711.697
1106,2017-09-15,1955.7539000000002
1107,2017-09-16,79.708000000000013
1108,2017-09-17,856.75470000000018
1109,2017-09-18,504.51609999999994
1110,2017-09-19,202.08089999999999
1111,2017-09-20,1571.7964000000002
1112,2017-09-21,107.3391
1113,2017-09-22,926.5876
1114,2017-09-23,562.54120000000012
1115,2017-09-24,1280.1836000000003
1116,2017-09-25,278.2524
1117,2017-09-26,372.5335
1118,2017-09-28,44.1278
1119,2017-09-29,305.6263
1120,2017-09-30,224.8237
1121,2017-10-01,1013.073
1122,2017-10-02,471.73670000000004
1123,2017-10-03,949.81650000000013
1124,2017-10-04,8.5914
1125,2017-10-05,1535.0833
1126,2017-10-06,348.32300000000004
1127,2017-10-07,337.9939
1128,2017-10-08,148.0335
1129,2017-10-09,54.5139
1130,2017-10-12,622.79070000000013
1131,2017-10-13,2713.2232999999997
1132,2017-10-14,37.441599999999994
1133,2017-10-15,230.13920000000002
1134,2017-10-16,348.49019999999996
1135,2017-10-17,23.0989
1136,2017-10-19,98.690699999999993
1137,2017-10-20,212.36110000000002
1138,2017-10-21,600.13119999999992
1139,2017-10-22,4698.3708
1140,2017-10-23,305.40099999999995
1141,2017-10-24,5.256
1142,2017-10-26,213.947
1143,2017-10-27,107.7874
1144,2017-10-28,71.5145
1145,2017-10-29,22.5408
1146,2017-10-30,683.4682
1147,2017-10-31,41.969400000000007
1148,2017-11-01,358.8969
1149,2017-11-02,1232.5529999999999
1150,2017-11-03,685.97920000000011
1151,2017-11-04,164.52900000000002
1152,2017-11-05,619.499
1153,2017-11-06,754.97900000000027
1154,2017-11-07,331.77639999999997
1155,2017-11-08,145.392
1156,2017-11-09,1221.7432
1157,2017-11-10,631.9038
1158,2017-11-11,315.3356
1159,2017-11-12,253.6581
1160,2017-11-13,708.94840000000011
1161,2017-11-14,94.127599999999987
1162,2017-11-15,55.016
1163,2017-11-16,542.1572
1164,2017-11-17,5913.3219
1165,2017-11-18,315.4563
1166,2017-11-19,1029.6511999999998
1167,2017-11-20,650.2458
1168,2017-11-21,313.7444
1169,2017-11-22,2.232
1170,2017-11-23,263.69759999999997
1171,2017-11-24,1070.7898
1172,2017-11-25,256.653
1173,2017-11-26,1345.5373999999997
1174,2017-11-27,643.25200000000007
1175,2017-11-28,961.42840000000012
1176,2017-11-29,67.831
1177,2017-11-30,729.02069999999981
1178,2017-12-01,775.85640000000024
1179,2017-12-02,1739.4574000000002
1180,2017-12-03,316.11909999999995
1181,2017-12-04,296.82090000000005
1182,2017-12-05,454.6381
1183,2017-12-06,2.8836
1184,2017-12-07,242.81719999999999
1185,2017-12-08,1365.5138
1186,2017-12-09,1520.4442999999994
1187,2017-12-10,718.07889999999986
1188,2017-12-11,460.0797
1189,2017-12-13,99.2154
1190,2017-12-14,691.3788
1191,2017-12-15,52.5946
1192,2017-12-16,171.2212
1193,2017-12-17,482.0573
1194,2017-12-18,859.53390000000024
1195,2017-12-19,48.7804
1196,2017-12-20,176.91150000000002
1197,2017-12-21,570.76150000000007
1198,2017-12-22,1352.6555999999996
1199,2017-12-23,435.57540000000006
1200,2017-12-24,1568.2397
1201,2017-12-25,611.5015
1202,2017-12-26,63.730199999999996
1203,2017-12-27,3.6432
1204,2017-12-28,322.45559999999995
1205,2017-12-29,688.7102
1206,2017-12-30,102.1413